"asv_id","sample","read_count","asv"
27,"tpos1",215,"ACTATACCTTATCTTCGCAGTATTCTCAGGAATGCTAGGAACTGCTTTTAGTGTTCTTATTCGAATGGAACTAACATCTCCAGGTGTACAATACCTACAGGGAAACCACCAACTTTACAATGTAATCATTACAGCTCACGCATTCCTAATGATCTTTTTCATGGTTATGCCAGGACTTGTT"
2338,"14ben02",98,"ACTATATTTAATTTTTGCTGCAATTTCTGGTGTAGCAGGAACTACGCTTTCATTGTTTATTAGAGCTACATTAGCGACACCAAATTCTGGTGTTTTAGATTATAATTACCATTTGTATAATGTTATAGTTACGGGTCATGCTTTTTTGATGATCTTTTTTTTAGTAATGCCTGCTTTATTG"
1,"tpos1",297,"ACTATATTTTATTTTTGGGGCTTGATCCGGAATGCTGGGCACCTCTCTAAGCCTTCTAATTCGTGCCGAGCTGGGGCACCCGGGTTCTTTAATTGGCGACGATCAAATTTACAATGTAATCGTCACAGCCCATGCTTTTATTATGATTTTTTTCATGGTTATGCCTATTATAATC"
219,"tpos1",166,"ACTTTATTTCATTTTCGGAACATTTGCAGGAGTTGTAGGAACTTTACTTTCATTATTTATTCGTCTTGAATTAGCTTATCCAGGAAATCAATTTTTTTTAGGAAATCACCAACTTTATAATGTGGTTGTGACAGCACATGCTTTTATCATGATTTTTTTCATGGTTATGCCGATTTTAATC"
2,"tpos1",1616,"ACTTTATTTTATTTTTGGTGCTTGATCAGGAATAGTAGGAACTTCTTTAAGAATTCTAATTCGAGCTGAATTAGGTCATGCCGGTTCATTAATTGGAGATGATCAAATTTATAATGTAATTGTAACTGCTCATGCTTTTGTAATAATTTTCTTTATAGTTATACCTATTTTAATT"
3107,"14ben02",72,"ATTATATTTAATTTTTGGTGCTCTTGCTGGAGTAATTGGAACTCTATTTTCTGTATTAATTAGATTACAATTATCTTACGCTGATTCAACAGTACTTCAAAATAACAGTCAATTATACAATGTTATTGTAACTGCTCACGCATTTGTAATGATATTCTTCCTTGTAATGCCTGTTCTTATT"
597,"tpos1",199,"ATTGTACCTTATATTTGCCTTATTTTCAGGGCTATTAGGTACTGCTTTTTCTGTTTTAATAAGACTTGAATTATCAGGACCTGGTGTACAATACATAGCTGATAACCAACTTTATAACAGTATAATTACTGCACATGCAATACTTATGATTTTCTTCATGGTTATGCCTGCTATGATA"
3133,"14ben02",71,"ATTGTATGTAATCTTTGGTGCTTTTTCAGGTGTTCTAGGAACCACAATGTCTGTCTTGATCCGATTAGAATTGGCAAATCCAGGTAATCAATTGTTTGCAGGAAATCATCAACTTTATAACGTGATCATTACGGCGCACGCCTTCTTAATGATTTTCTTCATGTTGATGCCAATTTTAATT"
3,"tpos1",220,"CCTTTATCTTGTATTTGGTGCCTGGGCCGGAATGGTAGGGACCGCCCTAAGCCTTCTTATTCGGGCCGAACTAAGCCAGCCTGGCTCGCTATTAGGTGATAGCCAAATTTATAATGTTATTGTTACCGCCCACGCCTTCGTAATAATTTTCTTTATAGTCATGCCAATTCTCATT"
4,"tpos1",16348,"CCTTTATTTTATTTTCGGTATCTGATCAGGTCTCGTAGGATCATCACTTAGATTTATTATTCGAATAGAATTAAGAACTCCTGGTAGATTTATTGGCAACGACCAAATTTATAACGTAATTGTTACATCTCATGCATTTATTATAATTTTTTTTATAGTTATACCAATCATAATT"
5,"tpos1",341,"CTTATATTTTATTTTTGGTGCTTGATCAGGGATAGTGGGAACTTCTTTAAGAATTCTTATTCGAGCTGAACTTGGTCATGCGGGATCTTTAATCGGAGACGATCAAATTTACAATGTAATTGTTACTGCACACGCCTTTGTAATAATTTTTTTTATAGTTATACCTATTTTAATT"
2354,"14ben02",93,"TCTATACCTTATTTTCGGCGCAATTTCAGGTATTGCAGGTACCGCTTTATCTCTTTACATTCGAATTACTTTATCTCAACCTAATGGTAATTTTTTAGAATACAATCACCATTTTTATAATGTGATTATAACGGGTCATGCCCTTCTTATGATTTTTTTCATGGTAATGCCAATCTTGATT"
6,"14ben02",92,"TCTATATTTCATTTTTGGTGCTTGGGCAGGTATGGTAGGTACCTCATTAAGACTTTTAATTCGAGCCGAGTTGGGTAACCCGGGTTCATTAATTGGGGACGATCAAATTTATAACGTAATCGTAACTGCTCATGCCTTTATTATGATTTTTTTTATAGTGATACCTATTATAATT"
6,"tpos1",4322,"TCTATATTTCATTTTTGGTGCTTGGGCAGGTATGGTAGGTACCTCATTAAGACTTTTAATTCGAGCCGAGTTGGGTAACCCGGGTTCATTAATTGGGGACGATCAAATTTATAACGTAATCGTAACTGCTCATGCCTTTATTATGATTTTTTTTATAGTGATACCTATTATAATT"
3300,"14ben01",66,"TCTTTACCTAATTTTTGCTGCAGCTGCTGGAATTGCAGGAACAGTTTTATCATTATATATTAGAGCTACCTTATCTTCTCCTAATTCTAATTTTTTAGAATATAATCATCACTTATACAATGTAATTGTTACTGGGCATGCATTTATTATGATTTTTTTTTTAGTAATGCCTGCTTTAATA"
3300,"14ben02",150,"TCTTTACCTAATTTTTGCTGCAGCTGCTGGAATTGCAGGAACAGTTTTATCATTATATATTAGAGCTACCTTATCTTCTCCTAATTCTAATTTTTTAGAATATAATCATCACTTATACAATGTAATTGTTACTGGGCATGCATTTATTATGATTTTTTTTTTAGTAATGCCTGCTTTAATA"
2373,"14ben02",2595,"TCTTTACTTAATTTTTGGTGCTATTTCTGGTGTAGCTGGAACTGCTTTATCACTTTACATCAGATTTACATTATCTCAACCAAACTCGAGTTTTTTAGAATATAACCACCATTTATATAATGTAATTGTTACAGGACATGCACTTATAATGGTTTTTTTTGTAGTAATGCCTATTTTAATT"
3666,"14ben02",140,"TCTTTATTTAATATTTGGTGCCATTGCTGCCGTTGCAGGAACCACTCTTTCGTTATATATTAGAGCTACTTTAGCGGAACCAAATTCAAGTTTTCTAGAATACAATCATCATTTGTATAATGTAATTGTTACAGGACATGCTTTTATTATGGTTTTTTTTGTAGTAATGCCTATTTTAATC"
3744,"14ben02",42,"TTTATACCTTATCTTTGGAGCAATTTCTGGAATTGCAGGAACTGCTTTATCACTTTATATTCGAATAACTTTATCTCAACCAAATAGTTCGTTTTTAGAATATAACCATCATTTTTATAACGTGATGGTAACAGGTCACGCTCTTTTAATGATTTTTTTCATGGTAATGCCCATTTTAATT"
3753,"14ben02",34,"TTTATACCTTATTTTCGGCGCAATTTCAGGTATTGCAGGTACCGCTTTATCTCTTTACATTCGAATTACTTTATCTCAACCTAATGGTAATTTTTTAGAATACAATCACCATTTTTATAATGTGATTATAACGGGCCACGCCCTTCTTATGATTTTTTTCATGGTAATGCCAATCTTGATT"
3839,"14ben02",460,"TTTATACTTATTATTTGCTGTTTTAGCAGGAGTTGTAGGAACATATTTTTCTGCTTTAATCAGAATAGAGTTAGCATATCCTGGTAATGGAATTTTTAACGGTAATTTTCAACTTTATAATGTTGTAGTAACAGCGCATGCTTTTATTATGATTTTCTTTTTAGTAATGCCAGCAATGATT"
2439,"14ben01",225,"TTTATACTTTATCTTAGGAGCTTGGGCTAGTGTTGTTGGCACTTCCATGAGAGTAATTATTCGCTCAGAACTAAGTACACCTGGTAATTTAATCGATGACGACCAACTATATAACGTAATAGTTACCGCTCACGCTTTTGTAATAATTTTTTTTATAGTTATGCCTATTATAATT"
2439,"14ben02",1669,"TTTATACTTTATCTTAGGAGCTTGGGCTAGTGTTGTTGGCACTTCCATGAGAGTAATTATTCGCTCAGAACTAAGTACACCTGGTAATTTAATCGATGACGACCAACTATATAACGTAATAGTTACCGCTCACGCTTTTGTAATAATTTTTTTTATAGTTATGCCTATTATAATT"
4097,"14ben02",62,"TTTATACTTTATTTTCGGGGCTTGAGCTGGAATAGTAGGTACATCTCTTAGATTATTAATTCGTGCCGAACTTGGTAATCCCGGCTCACTAATTGGGGATGACCAAATTTATAACGTCATTGTTACGGCGCATGCCTTTATTATAATTTTTTTTATAGTGATACCAATTATAATT"
4103,"14ben02",103,"TTTATATATCATTTTTGCCGCAATCTCAGGTTTAGTTGGTAGTGCTTTATCTTTTATTATTAGAATGGAATTATCAGCAGGTGGTAAAGTTTATTTATTAGGTAATTATGACCACTATAATGTTATAATTACTGCCCATGGTATTGTTATGATCTTCTTTATGGTTATGCCTGCCCTAATT"
4164,"14ben02",445,"TTTATATCTTATCTTTGGAGCAATTTCTGGGATTGCCGGAACTGCTTTATCACTTTACATTCGAATAACTTTATCGCAACCAAATGGAAGTTTTTTAGAGTATAATCATCATATGTATAATGTAATCGTTACTGGTCATGCTTTTGTTATGATTTTTTTTATGGTAATGCCTATCTTAATC"
4200,"14ben02",73,"TTTATATTTAATTTTTGCGTTAATTGCGGGTATAATAGGTACTTTATTTTCAATAATTATTCGTTTAGAATTAGCATTTCCAGGAGATCAAATTTTAAATGGTAATTATCAATTTTATAATGTAGTAATAACTGCCCATGCTTTTATCATGATTTTTTTTATGGTTATGCCAGCTATGATA"
2277,"14ben01",8997,"TTTATATTTCATTTTTGGTGCATGATCAGGTATGGTGGGTACTTCCCTTAGTTTATTAATTCGAGCAGAACTTGGTAATCCTGGTTCTTTGATTGGTGATGATCAGATTTATAACGTTATTGTCACTGCCCATGCTTTTATTATGATTTTTTTTATAGTGATACCTATTATAATT"
2277,"tpos1",446,"TTTATATTTCATTTTTGGTGCATGATCAGGTATGGTGGGTACTTCCCTTAGTTTATTAATTCGAGCAGAACTTGGTAATCCTGGTTCTTTGATTGGTGATGATCAGATTTATAACGTTATTGTCACTGCCCATGCTTTTATTATGATTTTTTTTATAGTGATACCTATTATAATT"
2302,"14ben02",151,"TTTATATTTTATTTTTGGAGCCTGAGCTGGAATAGTGGGTACTTCCCTTAGTATACTTATTCGAGCCGAATTAGGACACCCAGGATCTCTAATTGGAGACGACCAAATTTATAATGTAATTGTTACTGCTCATGCTTTTGTAATAATTTTTTTTATAGTTATACCAATTATAATT"
4311,"14ben02",100,"TTTATATTTTATTTTTGGTATTTGGGCTGGTTTTATTGGTCTTAGAATAAGCCTACTAATTCGTTTAGAATTAGGGGTTATTGGTTCTTTTATTGGTGATGAGCACATCTATAATGTTTTGGTCACAGCTCATGCTTTTGTCATAATTTTTTTTATAGTCATGCCTATTTCTATA"
3047,"14ben02",133,"TTTATATTTTATTTTTGGTGTTTGAGCCGGAATAATTGGCTTAAGAATAAGCCTGCTAATTCGTTTAGAGCTTGGGGTTTTAGGGCCTTTTCTTGGAGACGAGCATTTGTATAACGTTATTGTTACTGCCCATGCTTTTGTTATAATTTTCTTTATAGTTATACCAATTTCTATA"
